<?xml version="1.0" encoding="UTF-8"?>
<inputControl exportedWithPermissions="false"><folder>/public/Samples/DeutscheBankPoc/Resources/InputControls</folder><name>customerId</name><version>1</version><label>Customer Name ID Input Control</label><description>Uses CustomerNameIdQuery. Maps to customerId parameter.</description><creationDate>2014-05-02T11:40:19.479-07:00</creationDate><updateDate>2014-05-02T12:32:20.508-07:00</updateDate><type>4</type><mandatory>false</mandatory><readOnly>false</readOnly><visible>true</visible><query><uri>/public/Samples/DeutscheBankPoc/Resources/InputControls/Queries/CustomerNameIdQuery</uri></query><queryVisibleColumn>lname</queryVisibleColumn><queryVisibleColumn>fname</queryVisibleColumn><queryVisibleColumn>customer_id</queryVisibleColumn><queryValueColumn>customer_id</queryValueColumn></inputControl>