<?xml version="1.0" encoding="UTF-8"?>
<inputControl exportedWithPermissions="false"><folder>/public/Samples/DeutscheBankPoc/Resources/InputControls</folder><name>Product_Family</name><version>2</version><label>Product Family</label><description></description><creationDate>2014-05-02T11:40:31.217-07:00</creationDate><updateDate>2014-05-04T13:00:30.959-07:00</updateDate><type>4</type><mandatory>true</mandatory><readOnly>false</readOnly><visible>true</visible><query><localResource xmlns:xsi="http://www.w3.org/2001/XMLSchema-instance" exportedWithPermissions="false" xsi:type="query"><folder>/public/Samples/DeutscheBankPoc/Resources/InputControls/Product_Family_files</folder><name>Product_Family</name><version>1</version><label>Product_Family</label><description></description><creationDate>2014-05-02T11:40:31.217-07:00</creationDate><updateDate>2014-05-02T11:40:31.217-07:00</updateDate><language>sql</language><queryString>select 
	'All' as product_family
union
select distinct 
	product_family 
from 
	product_class 
where 
	product_family is not null</queryString><dataSource><uri>/public/Samples/Data_Sources/FoodmartDataSourceJNDI</uri></dataSource></localResource></query><queryVisibleColumn>product_family</queryVisibleColumn><queryValueColumn>product_family</queryValueColumn></inputControl>