<?xml version="1.0" encoding="UTF-8"?>
<dashboardModelResource exportedWithPermissions="true"><folder>/public/SESamples/CrossLinkinking/Dashboards</folder><name>CrossLink_Dashboard</name><version>4</version><label>CrossLink Dashboard</label><description>Click on States to see City detail
Click on Store to see Store detail</description><creationDate>2015-05-21T10:07:07.450+01:00</creationDate><updateDate>2015-05-21T10:16:06.233+01:00</updateDate><defaultFoundation>default</defaultFoundation><foundation><id>default</id><layout>layout</layout><wiring>wiring</wiring><components>components</components></foundation><resourceDescriptor><type>wiring</type><id>wiring</id></resourceDescriptor><resourceDescriptor><type>layout</type><id>layout</id></resourceDescriptor><resourceDescriptor><type>components</type><id>components</id></resourceDescriptor><resourceDescriptor><type>reportUnit</type><id>/public/SESamples/CrossLinkinking/Reports/AccountList</id></resourceDescriptor><resourceDescriptor><type>reportUnit</type><id>/public/SESamples/CrossLinkinking/Reports/Cities</id></resourceDescriptor><resourceDescriptor><type>reportUnit</type><id>/public/SESamples/CrossLinkinking/Reports/States</id></resourceDescriptor><resourceDescriptor><type>reportUnit</type><id>/public/SESamples/CrossLinkinking/Reports/StoreDetails</id></resourceDescriptor><resource><localResource xmlns:xsi="http://www.w3.org/2001/XMLSchema-instance" exportedWithPermissions="false" dataFile="wiring.data" xsi:type="fileResource"><folder>/public/SESamples/CrossLinkinking/Dashboards/CrossLink_Dashboard_files</folder><name>wiring</name><version>1</version><label>wiring</label><creationDate>2015-05-21T10:16:06.233+01:00</creationDate><updateDate>2015-05-21T10:16:06.233+01:00</updateDate><fileType>json</fileType></localResource></resource><resource><localResource xmlns:xsi="http://www.w3.org/2001/XMLSchema-instance" exportedWithPermissions="false" dataFile="layout" xsi:type="contentResource"><folder>/public/SESamples/CrossLinkinking/Dashboards/CrossLink_Dashboard_files</folder><name>layout</name><version>1</version><label>layout</label><creationDate>2015-05-21T10:16:06.233+01:00</creationDate><updateDate>2015-05-21T10:16:06.233+01:00</updateDate><fileType>html</fileType></localResource></resource><resource><localResource xmlns:xsi="http://www.w3.org/2001/XMLSchema-instance" exportedWithPermissions="false" dataFile="components.data" xsi:type="fileResource"><folder>/public/SESamples/CrossLinkinking/Dashboards/CrossLink_Dashboard_files</folder><name>components</name><version>1</version><label>components</label><creationDate>2015-05-21T10:16:06.233+01:00</creationDate><updateDate>2015-05-21T10:16:06.233+01:00</updateDate><fileType>dashboardComponent</fileType></localResource></resource><resource><uri>/public/SESamples/CrossLinkinking/Reports/AccountList</uri></resource><resource><uri>/public/SESamples/CrossLinkinking/Reports/Cities</uri></resource><resource><uri>/public/SESamples/CrossLinkinking/Reports/States</uri></resource><resource><uri>/public/SESamples/CrossLinkinking/Reports/StoreDetails</uri></resource></dashboardModelResource>